actual_rating,mean_error
0.5,-2.4045597811091555
1.0,-1.9470087219176653
1.5,-1.3618082022253297
2.0,-1.0555224499362101
2.5,-0.6179748411098526
3.0,-0.3316013178347628
3.5,-0.009935857725908296
4.0,0.3208082404803805
4.5,0.6573557171668541
5.0,1.0391013049300477
