Model,RMSE,MAE
KNNBasic,0.9037897201955212,0.6965680568397096
SVD,0.8629356072903472,0.6629355972087898
